institute_id,institute_name,year,rank,GPHD,image_path,notes
IR-E-U-0456,Indian Institute of Technology Madras,2023,1,16.75,2023\001_Indian_Institute_of_Technology_Madras\scores.png,
IR-E-I-1074,Indian Institute of Technology Delhi,2023,2,16.73,2023\002_Indian_Institute_of_Technology_Delhi\scores.png,
IR-E-U-0306,Indian Institute of Technology Bombay,2023,3,17.20,2023\003_Indian_Institute_of_Technology_Bombay\scores.png,
IR-E-I-1075,Indian Institute of Technology Kanpur,2023,4,16.02,2023\004_Indian_Institute_of_Technology_Kanpur\scores.png,
IR-E-U-0560,Indian Institute of Technology Roorkee,2023,5,15.54,2023\005_Indian_Institute_of_Technology_Roorkee\scores.png,
IR-E-U-0573,Indian Institute of Technology Kharagpur,2023,6,20.00,2023\006_Indian_Institute_of_Technology_Kharagpur\scores.png,
IR-E-U-0053,Indian Institute of Technology Guwahati,2023,7,15.61,2023\007_Indian_Institute_of_Technology_Guwahati\scores.png,
IR-E-U-0013,Indian Institute of Technology Hyderabad,2023,8,8.43,2023\008_Indian_Institute_of_Technology_Hyderabad\scores.png,
IR-E-U-0467,National Institute of Technology Tiruchirappalli,2023,9,11.57,2023\009_National_Institute_of_Technology_Tiruchirappalli\scores.png,
IR-E-U-0575,Jadavpur University,2023,10,12.06,2023\010_Jadavpur_University\scores.png,
IR-E-U-0490,Vellore Institute of Technology,2023,11,14.11,2023\011_Vellore_Institute_of_Technology\scores.png,
IR-E-U-0237,"National Institute of Technology Karnataka, Surathkal",2023,12,11.49,"2023\012_National_Institute_of_Technology_Karnataka,_Surathkal\scores.png",
IR-E-U-0439,Anna University,2023,13,12.25,2023\013_Anna_University\scores.png,
IR-E-U-0273,Indian Institute of Technology Indore,2023,14,9.84,2023\014_Indian_Institute_of_Technology_Indore\scores.png,
IR-E-U-0701,Indian Institute of Technology (Banaras Hindu University) Varanasi,2023,15,11.51,2023\015_Indian_Institute_of_Technology_(Banaras_Hindu_University)_Varanasi\scores.png,
IR-E-U-0357,National Institute of Technology Rourkela,2023,16,11.61,2023\016_National_Institute_of_Technology_Rourkela\scores.png,
IR-E-U-0205,Indian Institute of Technology (Indian School of Mines),2023,17,11.22,2023\017_Indian_Institute_of_Technology_(Indian_School_of_Mines)\scores.png,
IR-E-U-0139,Indian Institute of Technology Gandhinagar,2023,18,7.91,2023\018_Indian_Institute_of_Technology_Gandhinagar\scores.png,
IR-E-U-0436,Amrita Vishwa Vidyapeetham,2023,19,2.28,2023\019_Amrita_Vishwa_Vidyapeetham\scores.png,
IR-E-I-1480,Thapar Institute of Engineering and Technology (Deemed-to-be-university),2023,20,9.28,2023\020_Thapar_Institute_of_Engineering_and_Technology_(Deemed-to-be-university)\scores.png,
IR-E-U-0025,National Institute of Technology Warangal,2023,21,9.18,2023\021_National_Institute_of_Technology_Warangal\scores.png,
IR-E-U-0378,Indian Institute of Technology Ropar,2023,22,5.54,2023\022_Indian_Institute_of_Technology_Ropar\scores.png,
IR-E-U-0263,National Institute of Technology Calicut,2023,23,10.21,2023\023_National_Institute_of_Technology_Calicut\scores.png,
IR-E-U-0308,Institute of Chemical Technology,2023,24,9.70,2023\024_Institute_of_Chemical_Technology\scores.png,
IR-E-U-0391,Birla Institute of Technology  & Science -Pilani,2023,25,6.76,2023\025_Birla_Institute_of_Technology_&_Science_-Pilani\scores.png,
IR-E-U-0108,"Jamia Millia Islamia,New Delhi",2023,26,7.35,"2023\026_Jamia_Millia_Islamia,New_Delhi\scores.png",
IR-E-U-0363,Siksha `O` Anusandhan,2023,27,8.31,2023\027_Siksha_`O`_Anusandhan\scores.png,
IR-E-U-0473,S.R.M. Institute of Science and Technology,2023,28,7.82,2023\028_S.R.M._Institute_of_Science_and_Technology\scores.png,
IR-E-U-0098,Delhi Technological University,2023,29,5.09,2023\029_Delhi_Technological_University\scores.png,
IR-E-U-0395,Indian Institute of Technology Jodhpur,2023,30,3.97,2023\030_Indian_Institute_of_Technology_Jodhpur\scores.png,
IR-E-U-0497,Amity University,2023,31,5.73,2023\031_Amity_University\scores.png,
IR-E-U-0496,Aligarh Muslim University,2023,32,5.66,2023\032_Aligarh_Muslim_University\scores.png,
IR-E-U-0184,Indian Institute of Technology Mandi,2023,33,7.45,2023\033_Indian_Institute_of_Technology_Mandi\scores.png,
IR-E-U-0476,Shanmugha Arts Science Technology & Research Academy,2023,34,6.82,2023\034_Shanmugha_Arts_Science_Technology_&_Research_Academy\scores.png,
IR-E-U-0584,"Indian Institute of Engineering Science and Technology, Shibpur",2023,35,10.72,"2023\035_Indian_Institute_of_Engineering_Science_and_Technology,_Shibpur\scores.png",
IR-E-U-0458,Kalasalingam Academy of Research and Education,2023,36,8.00,2023\036_Kalasalingam_Academy_of_Research_and_Education\scores.png,
IR-E-U-0410,Malaviya National Institute of Technology,2023,37,8.08,2023\037_Malaviya_National_Institute_of_Technology\scores.png,
IR-E-U-0747,Chandigarh University,2023,38,7.94,2023\038_Chandigarh_University\scores.png,
IR-E-U-0356,Kalinga Institute of Industrial Technology,2023,39,10.44,2023\039_Kalinga_Institute_of_Industrial_Technology\scores.png,
IR-E-U-0055,National Institute of Technology Silchar,2023,40,6.79,2023\040_National_Institute_of_Technology_Silchar\scores.png,
IR-E-U-0064,Indian Institute of Technology Patna,2023,41,8.34,2023\041_Indian_Institute_of_Technology_Patna\scores.png,
IR-E-U-0334,"Visvesvaraya National Institute of Technology, Nagpur",2023,41,7.12,"2023\041_Visvesvaraya_National_Institute_of_Technology,_Nagpur\scores.png",
IR-E-U-0577,National Institute of Technology Durgapur,2023,43,9.38,2023\043_National_Institute_of_Technology_Durgapur\scores.png,
IR-E-U-0020,Koneru Lakshmaiah Education Foundation University (K L College of Engineering),2023,44,7.29,2023\044_Koneru_Lakshmaiah_Education_Foundation_University_(K_L_College_of_Engineering)\scores.png,
IR-E-C-16604,Sri Sivasubramaniya Nadar College of Engineering,2023,45,6.22,2023\045_Sri_Sivasubramaniya_Nadar_College_of_Engineering\scores.png,
IR-E-U-0374,"Dr. B R Ambedkar National Institute of Technology, Jalandhar",2023,46,6.44,"2023\046_Dr._B_R_Ambedkar_National_Institute_of_Technology,_Jalandhar\scores.png",
IR-E-U-0355,Indian Institute of Technology Bhubaneswar,2023,47,6.41,2023\047_Indian_Institute_of_Technology_Bhubaneswar\scores.png,
IR-E-U-0255,Indian Institute of Space Science and Technology,2023,48,2.95,2023\048_Indian_Institute_of_Space_Science_and_Technology\scores.png,
IR-E-U-0530,Motilal Nehru National Institute of Technology,2023,49,9.00,2023\049_Motilal_Nehru_National_Institute_of_Technology\scores.png,
IR-E-U-0379,Lovely Professional University,2023,50,2.79,2023\050_Lovely_Professional_University\scores.png,
IR-E-U-0622,National Institute of Technology Delhi,2023,51,2.22,2023\051_National_Institute_of_Technology_Delhi\scores.png,
IR-E-U-0249,Visvesvaraya Technological University,2023,52,1.22,2023\052_Visvesvaraya_Technological_University\scores.png,
IR-E-U-0202,Birla Institute of Technology,2023,53,4.92,2023\053_Birla_Institute_of_Technology\scores.png,
IR-E-U-0564,UPES,2023,54,0.52,2023\054_UPES\scores.png,
IR-E-U-0014,International Institute of Information Technology Hyderabad,2023,55,2.34,2023\055_International_Institute_of_Information_Technology_Hyderabad\scores.png,
IR-E-U-0072,National Institute of Technology Patna,2023,56,5.73,2023\056_National_Institute_of_Technology_Patna\scores.png,
IR-E-U-0297,Defence Institute of Advanced Technology,2023,57,2.62,2023\057_Defence_Institute_of_Advanced_Technology\scores.png,
IR-E-U-0172,National Institute of Technology Kurukshetra,2023,58,4.21,2023\058_National_Institute_of_Technology_Kurukshetra\scores.png,
IR-E-U-0844,"Indian Institute of Technology, Tirupati",2023,59,0.38,"2023\059_Indian_Institute_of_Technology,_Tirupati\scores.png",
IR-E-C-6379,Netaji Subhas University of Technology (NSUT),2023,60,7.03,2023\060_Netaji_Subhas_University_of_Technology_(NSUT)\scores.png,
IR-E-C-7252,Manipal Institute of Technology,2023,61,3.83,2023\061_Manipal_Institute_of_Technology\scores.png,
IR-E-U-0555,Graphic Era University,2023,62,3.06,2023\062_Graphic_Era_University\scores.png,
IR-E-C-37013,PSG College of Technology,2023,63,3.06,2023\063_PSG_College_of_Technology\scores.png,
IR-E-I-1441,Saveetha Institute of Medical and Technical Sciences,2023,64,1.15,2023\064_Saveetha_Institute_of_Medical_and_Technical_Sciences\scores.png,
IR-E-U-0149,Sardar Vallabhbhai National Institute of Technology,2023,65,6.37,2023\065_Sardar_Vallabhbhai_National_Institute_of_Technology\scores.png,
IR-E-U-0474,Sathyabama Institute of Science and Technology,2023,66,5.46,2023\066_Sathyabama_Institute_of_Science_and_Technology\scores.png,
IR-E-U-0906,Indian Institute of Technology Jammu,2023,67,0.23,2023\067_Indian_Institute_of_Technology_Jammu\scores.png,
IR-E-U-0389,Banasthali Vidyapith,2023,68,8.23,2023\068_Banasthali_Vidyapith\scores.png,
IR-E-U-0878,Indian Institute of Technology Palakkad,2023,69,0.15,2023\069_Indian_Institute_of_Technology_Palakkad\scores.png,
IR-E-U-0092,"National Institute of Technology, Raipur",2023,70,6.69,"2023\070_National_Institute_of_Technology,_Raipur\scores.png",
IR-E-U-0042,University of Hyderabad,2023,71,5.70,2023\071_University_of_Hyderabad\scores.png,
IR-E-U-0619,National Institute of Technology Meghalaya,2023,72,2.16,2023\072_National_Institute_of_Technology_Meghalaya\scores.png,
IR-E-C-41593,"College of Engineering, Pune",2023,73,1.73,"2023\073_College_of_Engineering,_Pune\scores.png",
IR-E-U-0221,International Institute of Information Technology Bangalore,2023,74,0.88,2023\074_International_Institute_of_Information_Technology_Bangalore\scores.png,
IR-E-U-0105,Indraprastha Institute of Information Technology Delhi,2023,75,3.38,2023\075_Indraprastha_Institute_of_Information_Technology_Delhi\scores.png,
IR-E-U-0749,Manipal University Jaipur,2023,76,0.81,2023\076_Manipal_University_Jaipur\scores.png,
IR-E-C-36995,Sri Krishna College of Engineering and Technology,2023,77,0.74,2023\077_Sri_Krishna_College_of_Engineering_and_Technology\scores.png,
IR-E-C-1331,M. S. Ramaiah Institute of Technology,2023,78,1.98,2023\078_M._S._Ramaiah_Institute_of_Technology\scores.png,
IR-E-U-0535,Rajiv Gandhi Institute of Petroleum Technology,2023,79,2.51,2023\079_Rajiv_Gandhi_Institute_of_Petroleum_Technology\scores.png,
IR-E-U-0284,Maulana Azad National Institute of Technology,2023,80,3.83,2023\080_Maulana_Azad_National_Institute_of_Technology\scores.png,
IR-E-U-0946,Indian Institute of Technology Bhilai,2023,81,0.59,2023\081_Indian_Institute_of_Technology_Bhilai\scores.png,
IR-E-U-0197,National Institute of Technology Srinagar,2023,82,5.73,2023\082_National_Institute_of_Technology_Srinagar\scores.png,
IR-E-U-0017,Jawaharlal Nehru Technological University,2023,83,3.12,2023\083_Jawaharlal_Nehru_Technological_University\scores.png,
IR-E-U-0099,Guru Gobind Singh Indraprastha University,2023,84,3.27,2023\084_Guru_Gobind_Singh_Indraprastha_University\scores.png,
IR-E-U-0043,"Vignan's Foundation for Science, Technology and Research",2023,85,2.95,"2023\085_Vignan's_Foundation_for_Science,_Technology_and_Research\scores.png",
IR-E-C-16626,Rajalakshmi Engineering College,2023,86,2.68,2023\086_Rajalakshmi_Engineering_College\scores.png,
IR-E-U-0489,Vel Tech Rangarajan Dr. Sagunthala R & D Institute of Science and Technology,2023,87,0.52,2023\087_Vel_Tech_Rangarajan_Dr._Sagunthala_R_&_D_Institute_of_Science_and_Technology\scores.png,
IR-E-U-0267,Atal Bihari Vajpayee Indian Institute of Information Technology and Management,2023,88,1.41,2023\088_Atal_Bihari_Vajpayee_Indian_Institute_of_Information_Technology_and_Management\scores.png,
IR-E-U-0516,Indian Institute of Information Technology Allahabad,2023,89,4.84,2023\089_Indian_Institute_of_Information_Technology_Allahabad\scores.png,
IR-E-U-0620,National Institute of Technology Goa,2023,90,2.51,2023\090_National_Institute_of_Technology_Goa\scores.png,
IR-E-U-0493,National Institute of Technology Agartala,2023,91,4.57,2023\091_National_Institute_of_Technology_Agartala\scores.png,
IR-E-U-0373,Chitkara  University,2023,92,1.22,2023\092_Chitkara_University\scores.png,
IR-E-U-0899,Indian Institute Of Technology Dharwad,2023,93,0.15,2023\093_Indian_Institute_Of_Technology_Dharwad\scores.png,
IR-E-C-24004,AU College of Engineering (A),2023,94,7.19,2023\094_AU_College_of_Engineering_(A)\scores.png,
IR-E-U-0613,National Institute of Technology Manipur,2023,95,2.90,2023\095_National_Institute_of_Technology_Manipur\scores.png,
IR-E-C-1269,R.V. College of Engineering,2023,96,1.02,2023\096_R.V._College_of_Engineering\scores.png,
IR-E-U-0286,"Pandit Dwarka Prasad Mishra Indian Institute of Information Technology, Design and Manufacturing (IIITDM)",2023,97,4.21,"2023\097_Pandit_Dwarka_Prasad_Mishra_Indian_Institute_of_Information_Technology,_Design_a\scores.png",
IR-E-C-19754,SR University,2023,98,0.38,2023\098_SR_University\scores.png,
IR-E-U-0155,"Amity University Haryana, Gurgaon",2023,99,1.98,"2023\099_Amity_University_Haryana,_Gurgaon\scores.png",
IR-E-C-30045,"C.V. Raman Global University, Odisha",2023,100,0.23,"2023\100_C.V._Raman_Global_University,_Odisha\scores.png",
IR-E-U-0456,Indian Institute of Technology Madras,2024,1,16.98,2024\001_Indian_Institute_of_Technology_Madras\scores.jpg,
IR-E-I-1074,Indian Institute of Technology Delhi,2024,2,17.49,2024\002_Indian_Institute_of_Technology_Delhi\scores.jpg,
IR-E-U-0306,Indian Institute of Technology Bombay,2024,3,18.87,2024\003_Indian_Institute_of_Technology_Bombay\scores.jpg,
IR-E-I-1075,Indian Institute of Technology Kanpur,2024,4,16.08,2024\004_Indian_Institute_of_Technology_Kanpur\scores.jpg,
IR-E-U-0573,Indian Institute of Technology Kharagpur,2024,5,20.00,2024\005_Indian_Institute_of_Technology_Kharagpur\scores.jpg,
IR-E-U-0560,Indian Institute of Technology Roorkee,2024,6,14.44,2024\006_Indian_Institute_of_Technology_Roorkee\scores.jpg,
IR-E-U-0053,Indian Institute of Technology Guwahati,2024,7,15.71,2024\007_Indian_Institute_of_Technology_Guwahati\scores.jpg,
IR-E-U-0013,Indian Institute of Technology Hyderabad,2024,8,9.01,2024\008_Indian_Institute_of_Technology_Hyderabad\scores.jpg,
IR-E-U-0467,National Institute of Technology Tiruchirappalli,2024,9,11.35,2024\009_National_Institute_of_Technology_Tiruchirappalli\scores.jpg,
IR-E-U-0701,Indian Institute of Technology (Banaras Hindu University) Varanasi,2024,10,12.90,2024\010_Indian_Institute_of_Technology_(Banaras_Hindu_University)_Varanasi\scores.jpg,
IR-E-U-0490,Vellore Institute of Technology,2024,11,12.31,2024\011_Vellore_Institute_of_Technology\scores.jpg,
IR-E-U-0575,Jadavpur University,2024,12,12.46,2024\012_Jadavpur_University\scores.jpg,
IR-E-U-0473,S.R.M. Institute of Science and Technology,2024,13,10.29,2024\013_S.R.M._Institute_of_Science_and_Technology\scores.jpg,
IR-E-U-0439,Anna University,2024,14,13.43,2024\014_Anna_University\scores.jpg,
IR-E-U-0205,Indian Institute of Technology (Indian School of Mines) Dhanbad,2024,15,14.18,2024\015_Indian_Institute_of_Technology_(Indian_School_of_Mines)_Dhanbad\scores.jpg,
IR-E-U-0273,Indian Institute of Technology Indore,2024,16,9.96,2024\016_Indian_Institute_of_Technology_Indore\scores.jpg,
IR-E-U-0237,"National Institute of Technology Karnataka, Surathkal",2024,17,11.70,"2024\017_National_Institute_of_Technology_Karnataka,_Surathkal\scores.jpg",
IR-E-U-0139,Indian Institute of Technology Gandhinagar,2024,18,7.66,2024\018_Indian_Institute_of_Technology_Gandhinagar\scores.jpg,
IR-E-U-0357,National Institute of Technology Rourkela,2024,19,11.63,2024\019_National_Institute_of_Technology_Rourkela\scores.jpg,
IR-E-U-0391,"Birla Institute of Technology and Science, Pilani",2024,20,7.51,"2024\020_Birla_Institute_of_Technology_and_Science,_Pilani\scores.jpg",
IR-E-U-0025,National Institute of Technology Warangal,2024,21,9.50,2024\021_National_Institute_of_Technology_Warangal\scores.jpg,
IR-E-U-0378,Indian Institute of Technology Ropar,2024,22,6.85,2024\022_Indian_Institute_of_Technology_Ropar\scores.jpg,
IR-E-U-0436,Amrita Vishwa Vidyapeetham,2024,23,3.09,2024\023_Amrita_Vishwa_Vidyapeetham\scores.jpg,
IR-E-U-0108,Jamia Millia Islamia,2024,24,8.26,2024\024_Jamia_Millia_Islamia\scores.jpg,
IR-E-U-0263,National Institute of Technology Calicut,2024,25,10.62,2024\025_National_Institute_of_Technology_Calicut\scores.jpg,
IR-E-U-0363,Siksha `O` Anusandhan,2024,26,9.91,2024\026_Siksha_`O`_Anusandhan\scores.jpg,
IR-E-U-0098,Delhi Technological University,2024,27,6.81,2024\027_Delhi_Technological_University\scores.jpg,
IR-E-U-0395,Indian Institute of Technology Jodhpur,2024,28,3.56,2024\028_Indian_Institute_of_Technology_Jodhpur\scores.jpg,
IR-E-I-1480,Thapar Institute of Engineering and Technology (Deemed-to-be-university),2024,29,9.45,2024\029_Thapar_Institute_of_Engineering_and_Technology_(Deemed-to-be-university)\scores.jpg,
IR-E-U-0497,Amity University,2024,30,6.67,2024\030_Amity_University\scores.jpg,
IR-E-U-0184,Indian Institute of Technology Mandi,2024,31,7.85,2024\031_Indian_Institute_of_Technology_Mandi\scores.jpg,
IR-E-U-0747,Chandigarh University,2024,32,9.65,2024\032_Chandigarh_University\scores.jpg,
IR-E-U-0496,Aligarh Muslim University,2024,33,6.24,2024\033_Aligarh_Muslim_University\scores.jpg,
IR-E-U-0064,Indian Institute of Technology Patna,2024,34,8.80,2024\034_Indian_Institute_of_Technology_Patna\scores.jpg,
IR-E-U-0020,Koneru Lakshmaiah Education Foundation University (K L College of Engineering),2024,35,9.72,2024\035_Koneru_Lakshmaiah_Education_Foundation_University_(K_L_College_of_Engineering)\scores.jpg,
IR-E-U-0458,Kalasalingam Academy of Research and Education,2024,36,9.22,2024\036_Kalasalingam_Academy_of_Research_and_Education\scores.jpg,
IR-E-U-0356,Kalinga Institute of Industrial Technology,2024,37,11.82,2024\037_Kalinga_Institute_of_Industrial_Technology\scores.jpg,
IR-E-U-0476,Shanmugha Arts Science Technology and Research Academy,2024,38,9.67,2024\038_Shanmugha_Arts_Science_Technology_and_Research_Academy\scores.jpg,
IR-E-U-0334,Visvesvaraya National Institute of Technology Nagpur,2024,39,7.79,2024\039_Visvesvaraya_National_Institute_of_Technology_Nagpur\scores.jpg,
IR-E-U-0055,National Institute of Technology Silchar,2024,40,8.18,2024\040_National_Institute_of_Technology_Silchar\scores.jpg,
IR-E-U-0308,Institute of Chemical Technology,2024,41,9.04,2024\041_Institute_of_Chemical_Technology\scores.jpg,
IR-E-U-0564,UPES,2024,42,0.60,2024\042_UPES\scores.jpg,
IR-E-U-0410,Malaviya National Institute of Technology,2024,43,8.23,2024\043_Malaviya_National_Institute_of_Technology\scores.jpg,
IR-E-U-0577,National Institute of Technology Durgapur,2024,44,9.45,2024\044_National_Institute_of_Technology_Durgapur\scores.jpg,
IR-E-U-0622,National Institute of Technology Delhi,2024,45,2.76,2024\045_National_Institute_of_Technology_Delhi\scores.jpg,
IR-E-C-16604,Sri Sivasubramaniya Nadar College of Engineering,2024,46,6.71,2024\046_Sri_Sivasubramaniya_Nadar_College_of_Engineering\scores.jpg,
IR-E-U-0014,International Institute of Information Technology Hyderabad,2024,47,2.71,2024\047_International_Institute_of_Information_Technology_Hyderabad\scores.jpg,
IR-E-U-0202,Birla Institute of Technology,2024,48,5.43,2024\048_Birla_Institute_of_Technology\scores.jpg,
IR-E-U-0584,"Indian Institute of Engineering Science and Technology, Shibpur",2024,49,10.69,"2024\049_Indian_Institute_of_Engineering_Science_and_Technology,_Shibpur\scores.jpg",
IR-E-U-0379,Lovely Professional University,2024,50,4.75,2024\050_Lovely_Professional_University\scores.jpg,
IR-E-U-0255,Indian Institute of Space Science and Technology,2024,51,3.72,2024\051_Indian_Institute_of_Space_Science_and_Technology\scores.jpg,
IR-E-U-0555,Graphic Era University,2024,52,3.09,2024\052_Graphic_Era_University\scores.jpg,
IR-E-I-1441,Saveetha Institute of Medical and Technical Sciences,2024,53,2.06,2024\053_Saveetha_Institute_of_Medical_and_Technical_Sciences\scores.jpg,
IR-E-U-0355,Indian Institute of Technology Bhubaneswar,2024,54,6.64,2024\054_Indian_Institute_of_Technology_Bhubaneswar\scores.jpg,
IR-E-U-0072,National Institute of Technology Patna,2024,55,6.95,2024\055_National_Institute_of_Technology_Patna\scores.jpg,
IR-E-C-7252,Manipal Institute of Technology,2024,56,4.79,2024\056_Manipal_Institute_of_Technology\scores.jpg,
IR-E-C-6379,Netaji Subhas University of Technology (NSUT),2024,57,7.22,2024\057_Netaji_Subhas_University_of_Technology_(NSUT)\scores.jpg,
IR-E-U-0374,Dr. B R Ambedkar National Institute of Technology Jalandhar,2024,58,6.57,2024\058_Dr._B_R_Ambedkar_National_Institute_of_Technology_Jalandhar\scores.jpg,
IR-E-U-0149,Sardar Vallabhbhai National Institute of Technology,2024,59,6.88,2024\059_Sardar_Vallabhbhai_National_Institute_of_Technology\scores.jpg,
IR-E-U-0530,Motilal Nehru National Institute of Technology,2024,60,7.94,2024\060_Motilal_Nehru_National_Institute_of_Technology\scores.jpg,
IR-E-U-0844,Indian Institute of Technology Tirupati,2024,61,0.60,2024\061_Indian_Institute_of_Technology_Tirupati\scores.jpg,
IR-E-U-0906,Indian Institute of Technology Jammu,2024,62,1.43,2024\062_Indian_Institute_of_Technology_Jammu\scores.jpg,
IR-E-U-0297,Defence Institute of Advanced Technology,2024,63,2.42,2024\063_Defence_Institute_of_Advanced_Technology\scores.jpg,
IR-E-U-0878,Indian Institute of Technology Palakkad,2024,64,1.10,2024\064_Indian_Institute_of_Technology_Palakkad\scores.jpg,
IR-E-U-0749,"Manipal University, Jaipur",2024,64,1.16,"2024\064_Manipal_University,_Jaipur\scores.jpg",
IR-E-U-0474,Sathyabama Institute of Science and Technology,2024,66,6.17,2024\066_Sathyabama_Institute_of_Science_and_Technology\scores.jpg,
IR-E-C-37013,PSG College of Technology,2024,67,3.31,2024\067_PSG_College_of_Technology\scores.jpg,
IR-E-U-0619,National Institute of Technology Meghalaya,2024,68,3.36,2024\068_National_Institute_of_Technology_Meghalaya\scores.jpg,
IR-E-U-0249,Visvesvaraya Technological University,2024,69,2.71,2024\069_Visvesvaraya_Technological_University\scores.jpg,
IR-E-U-0042,University of Hyderabad,2024,70,5.94,2024\070_University_of_Hyderabad\scores.jpg,
IR-E-U-0092,National Institute of Technology Raipur,2024,71,7.76,2024\071_National_Institute_of_Technology_Raipur\scores.jpg,
IR-E-U-0284,Maulana Azad National Institute of Technology,2024,72,5.34,2024\072_Maulana_Azad_National_Institute_of_Technology\scores.jpg,
IR-E-U-0946,Indian Institute of Technology Bhilai,2024,73,0.67,2024\073_Indian_Institute_of_Technology_Bhilai\scores.jpg,
IR-E-U-0221,International Institute of Information Technology Bangalore,2024,74,1.30,2024\074_International_Institute_of_Information_Technology_Bangalore\scores.jpg,
IR-E-C-1331,M. S. Ramaiah Institute of Technology,2024,75,1.94,2024\075_M._S._Ramaiah_Institute_of_Technology\scores.jpg,
IR-E-U-0384,Sant Longowal Institute of Engineering and Technology,2024,76,3.09,2024\076_Sant_Longowal_Institute_of_Engineering_and_Technology\scores.jpg,
IR-E-C-41593,COEP Technological University,2024,77,2.42,2024\077_COEP_Technological_University\scores.jpg,
IR-E-U-0389,Banasthali Vidyapith,2024,78,7.82,2024\078_Banasthali_Vidyapith\scores.jpg,
IR-E-U-0197,National Institute of Technology Srinagar,2024,79,7.22,2024\079_National_Institute_of_Technology_Srinagar\scores.jpg,
IR-E-U-0535,Rajiv Gandhi Institute of Petroleum Technology,2024,80,2.93,2024\080_Rajiv_Gandhi_Institute_of_Petroleum_Technology\scores.jpg,
IR-E-U-0172,National Institute of Technology Kurukshetra,2024,81,4.88,2024\081_National_Institute_of_Technology_Kurukshetra\scores.jpg,
IR-E-U-0493,National Institute of Technology Agartala,2024,82,5.43,2024\082_National_Institute_of_Technology_Agartala\scores.jpg,
IR-E-C-36995,Sri Krishna College of Engineering and Technology,2024,83,0.60,2024\083_Sri_Krishna_College_of_Engineering_and_Technology\scores.jpg,
IR-E-U-0739,Madan Mohan Malaviya University of Technology,2024,84,3.86,2024\084_Madan_Mohan_Malaviya_University_of_Technology\scores.jpg,
IR-E-U-0105,Indraprastha Institute of Information Technology,2024,85,4.01,2024\085_Indraprastha_Institute_of_Information_Technology\scores.jpg,
IR-E-U-0489,Vel Tech Rangarajan Dr. Sagunthala R & D Institute of Science and Technology,2024,86,1.03,2024\086_Vel_Tech_Rangarajan_Dr._Sagunthala_R_&_D_Institute_of_Science_and_Technology\scores.jpg,
IR-E-U-0516,Indian Institute of Information Technology Allahabad,2024,87,5.47,2024\087_Indian_Institute_of_Information_Technology_Allahabad\scores.jpg,
IR-E-U-0017,Jawaharlal Nehru Technological University,2024,88,2.48,2024\088_Jawaharlal_Nehru_Technological_University\scores.jpg,
IR-E-U-0099,Guru Gobind Singh Indraprastha University,2024,89,4.25,2024\089_Guru_Gobind_Singh_Indraprastha_University\scores.jpg,
IR-E-C-24004,AU College of Engineering (A),2024,90,8.71,2024\090_AU_College_of_Engineering_(A)\scores.jpg,
IR-E-U-0043,"Vignan's Foundation for Science, Technology and Research",2024,91,4.52,"2024\091_Vignan's_Foundation_for_Science,_Technology_and_Research\scores.jpg",
IR-E-U-0190,Shoolini University of Biotechnology and Management Sciences,2024,92,3.36,2024\092_Shoolini_University_of_Biotechnology_and_Management_Sciences\scores.jpg,
IR-E-U-0217,Christ University,2024,93,0.82,2024\093_Christ_University\scores.jpg,
IR-E-U-0373,Chitkara University,2024,94,3.20,2024\094_Chitkara_University\scores.jpg,
IR-E-U-0223,"Jain University, Bangalore",2024,95,4.06,"2024\095_Jain_University,_Bangalore\scores.jpg",
IR-E-C-30045,"C.V. Raman Global University, Odisha",2024,96,0.82,"2024\096_C.V._Raman_Global_University,_Odisha\scores.jpg",
IR-E-U-0621,National Institute of Technology Puducherry,2024,97,2.12,2024\097_National_Institute_of_Technology_Puducherry\scores.jpg,
IR-E-C-19754,SR University,2024,98,0.60,2024\098_SR_University\scores.jpg,
IR-E-C-1269,R.V. College of Engineering,2024,99,1.30,2024\099_R.V._College_of_Engineering\scores.jpg,
IR-E-C-1297,Siddaganga Institute of Technology,2024,100,1.23,2024\100_Siddaganga_Institute_of_Technology\scores.jpg,
IR-E-U-0456,Indian Institute of Technology Madras,2025,1,16.68,2025\001_Indian_Institute_of_Technology_Madras\scores.jpg,
IR-E-I-1074,Indian Institute of Technology Delhi,2025,2,17.89,2025\002_Indian_Institute_of_Technology_Delhi\scores.jpg,
IR-E-U-0306,Indian Institute of Technology Bombay,2025,3,20.00,2025\003_Indian_Institute_of_Technology_Bombay\scores.jpg,
IR-E-I-1075,Indian Institute of Technology Kanpur,2025,4,15.30,2025\004_Indian_Institute_of_Technology_Kanpur\scores.jpg,
IR-E-U-0573,Indian Institute of Technology Kharagpur,2025,5,19.79,2025\005_Indian_Institute_of_Technology_Kharagpur\scores.jpg,
IR-E-U-0560,Indian Institute of Technology Roorkee,2025,6,12.78,2025\006_Indian_Institute_of_Technology_Roorkee\scores.jpg,
IR-E-U-0013,Indian Institute of Technology Hyderabad,2025,7,8.69,2025\007_Indian_Institute_of_Technology_Hyderabad\scores.jpg,
IR-E-U-0053,Indian Institute of Technology Guwahati,2025,8,15.50,2025\008_Indian_Institute_of_Technology_Guwahati\scores.jpg,
IR-E-U-0467,National Institute of Technology Tiruchirappalli,2025,9,10.69,2025\009_National_Institute_of_Technology_Tiruchirappalli\scores.jpg,
IR-E-U-0701,Indian Institute of Technology (Banaras Hindu University) Varanasi,2025,10,13.76,2025\010_Indian_Institute_of_Technology_(Banaras_Hindu_University)_Varanasi\scores.jpg,
IR-E-U-0391,Birla Institute of Technology  & Science -Pilani,2025,11,7.58,2025\011_Birla_Institute_of_Technology_&_Science_-Pilani\scores.jpg,
IR-E-U-0273,Indian Institute of Technology Indore,2025,12,9.23,2025\012_Indian_Institute_of_Technology_Indore\scores.jpg,
IR-E-U-0357,National Institute of Technology Rourkela,2025,13,12.01,2025\013_National_Institute_of_Technology_Rourkela\scores.jpg,
IR-E-U-0473,S.R.M. Institute of Science and Technology,2025,14,11.65,2025\014_S.R.M._Institute_of_Science_and_Technology\scores.jpg,
IR-E-U-0205,Indian Institute of Technology (Indian School of Mines),2025,15,14.57,2025\015_Indian_Institute_of_Technology_(Indian_School_of_Mines)\scores.jpg,
IR-E-U-0490,Vellore Institute of Technology,2025,16,13.72,2025\016_Vellore_Institute_of_Technology\scores.jpg,
IR-E-U-0237,"National Institute of Technology Karnataka, Surathkal",2025,17,10.78,"2025\017_National_Institute_of_Technology_Karnataka,_Surathkal\scores.jpg",
IR-E-U-0575,Jadavpur University,2025,18,11.91,2025\018_Jadavpur_University\scores.jpg,
IR-E-U-0064,Indian Institute of Technology Patna,2025,19,9.93,2025\019_Indian_Institute_of_Technology_Patna\scores.jpg,
IR-E-U-0439,Anna University,2025,20,12.66,2025\020_Anna_University\scores.jpg,
IR-E-U-0263,National Institute of Technology Calicut,2025,21,9.66,2025\021_National_Institute_of_Technology_Calicut\scores.jpg,
IR-E-U-0363,Siksha `O` Anusandhan,2025,22,10.61,2025\022_Siksha_`O`_Anusandhan\scores.jpg,
IR-E-U-0436,Amrita Vishwa Vidyapeetham,2025,23,4.91,2025\023_Amrita_Vishwa_Vidyapeetham\scores.jpg,
IR-E-U-0108,Jamia Millia Islamia,2025,24,7.90,2025\024_Jamia_Millia_Islamia\scores.jpg,
IR-E-U-0139,Indian Institute of Technology Gandhinagar,2025,25,6.58,2025\025_Indian_Institute_of_Technology_Gandhinagar\scores.jpg,
IR-E-U-0184,Indian Institute of Technology Mandi,2025,26,6.94,2025\026_Indian_Institute_of_Technology_Mandi\scores.jpg,
IR-E-U-0395,Indian Institute of Technology Jodhpur,2025,27,3.14,2025\027_Indian_Institute_of_Technology_Jodhpur\scores.jpg,
IR-E-U-0025,National Institute of Technology Warangal,2025,28,9.06,2025\028_National_Institute_of_Technology_Warangal\scores.jpg,
IR-E-I-1480,Thapar Institute of Engineering and Technology (Deemed-to-be-university),2025,29,9.39,2025\029_Thapar_Institute_of_Engineering_and_Technology_(Deemed-to-be-university)\scores.jpg,
IR-E-U-0098,Delhi Technological University,2025,30,8.92,2025\030_Delhi_Technological_University\scores.jpg,
IR-E-U-0747,Chandigarh University,2025,31,8.40,2025\031_Chandigarh_University\scores.jpg,
IR-E-U-0378,Indian Institute of Technology Ropar,2025,32,8.40,2025\032_Indian_Institute_of_Technology_Ropar\scores.jpg,
IR-E-U-0458,Kalasalingam Academy of Research and Education,2025,33,9.08,2025\033_Kalasalingam_Academy_of_Research_and_Education\scores.jpg,
IR-E-U-0496,Aligarh Muslim University,2025,34,5.72,2025\034_Aligarh_Muslim_University\scores.jpg,
IR-E-U-0020,Koneru Lakshmaiah Education Foundation University (K L College of Engineering),2025,35,11.07,2025\035_Koneru_Lakshmaiah_Education_Foundation_University_(K_L_College_of_Engineering)\scores.jpg,
IR-E-U-0356,Kalinga Institute of Industrial Technology,2025,36,12.05,2025\036_Kalinga_Institute_of_Industrial_Technology\scores.jpg,
IR-E-U-0497,Amity University,2025,37,6.73,2025\037_Amity_University\scores.jpg,
IR-E-U-0014,International Institute of Information Technology Hyderabad,2025,38,2.81,2025\038_International_Institute_of_Information_Technology_Hyderabad\scores.jpg,
IR-E-U-0355,Indian Institute of Technology Bhubaneswar,2025,39,6.99,2025\039_Indian_Institute_of_Technology_Bhubaneswar\scores.jpg,
IR-E-U-0476,Shanmugha Arts Science Technology & Research Academy,2025,40,10.65,2025\040_Shanmugha_Arts_Science_Technology_&_Research_Academy\scores.jpg,
IR-E-U-0308,Institute of Chemical Technology,2025,41,6.88,2025\041_Institute_of_Chemical_Technology\scores.jpg,
IR-E-U-0410,Malaviya National Institute of Technology,2025,42,8.30,2025\042_Malaviya_National_Institute_of_Technology\scores.jpg,
IR-E-U-0564,UPES,2025,43,0.39,2025\043_UPES\scores.jpg,
IR-E-U-0334,"Visvesvaraya National Institute of Technology, Nagpur",2025,44,7.84,"2025\044_Visvesvaraya_National_Institute_of_Technology,_Nagpur\scores.jpg",
IR-E-I-1441,Saveetha Institute of Medical and Technical Sciences,2025,45,3.09,2025\045_Saveetha_Institute_of_Medical_and_Technical_Sciences\scores.jpg,
IR-E-U-0329,Symbiosis International,2025,46,5.51,2025\046_Symbiosis_International\scores.jpg,
IR-E-C-16604,Sri Sivasubramaniya Nadar College of Engineering,2025,47,5.98,2025\047_Sri_Sivasubramaniya_Nadar_College_of_Engineering\scores.jpg,
IR-E-U-0379,Lovely Professional University,2025,48,4.91,2025\048_Lovely_Professional_University\scores.jpg,
IR-E-U-0577,National Institute of Technology Durgapur,2025,49,8.78,2025\049_National_Institute_of_Technology_Durgapur\scores.jpg,
IR-E-U-0055,National Institute of Technology Silchar,2025,50,7.82,2025\050_National_Institute_of_Technology_Silchar\scores.jpg,
IR-E-U-0202,Birla Institute of Technology,2025,51,5.58,2025\051_Birla_Institute_of_Technology\scores.jpg,
IR-E-U-0555,Graphic Era University,2025,52,2.22,2025\052_Graphic_Era_University\scores.jpg,
IR-E-U-0072,National Institute of Technology Patna,2025,53,7.84,2025\053_National_Institute_of_Technology_Patna\scores.jpg,
IR-E-U-0584,"Indian Institute of Engineering Science and Technology, Shibpur",2025,54,9.30,"2025\054_Indian_Institute_of_Engineering_Science_and_Technology,_Shibpur\scores.jpg",
IR-E-U-0374,"Dr. B R Ambedkar National Institute of Technology, Jalandhar",2025,55,6.27,"2025\055_Dr._B_R_Ambedkar_National_Institute_of_Technology,_Jalandhar\scores.jpg",
IR-E-U-0906,Indian Institute of Technology Jammu,2025,56,2.06,2025\056_Indian_Institute_of_Technology_Jammu\scores.jpg,
IR-E-U-0844,"Indian Institute of Technology, Tirupati",2025,57,0.77,"2025\057_Indian_Institute_of_Technology,_Tirupati\scores.jpg",
IR-E-U-0749,Manipal University Jaipur,2025,58,1.01,2025\058_Manipal_University_Jaipur\scores.jpg,
IR-E-C-7252,Manipal Institute of Technology,2025,59,5.13,2025\059_Manipal_Institute_of_Technology\scores.jpg,
IR-E-U-0739,Madan Mohan Malaviya University of Technology,2025,60,7.90,2025\060_Madan_Mohan_Malaviya_University_of_Technology\scores.jpg,
IR-E-U-0255,Indian Institute of Space Science and Technology,2025,61,4.01,2025\061_Indian_Institute_of_Space_Science_and_Technology\scores.jpg,
IR-E-U-0530,Motilal Nehru National Institute of Technology,2025,62,6.70,2025\062_Motilal_Nehru_National_Institute_of_Technology\scores.jpg,
IR-E-U-0105,Indraprastha Institute of Information Technology,2025,63,3.96,2025\063_Indraprastha_Institute_of_Information_Technology\scores.jpg,
IR-E-U-0878,Indian Institute of Technology Palakkad,2025,64,1.52,2025\064_Indian_Institute_of_Technology_Palakkad\scores.jpg,
IR-E-U-0622,National Institute of Technology Delhi,2025,65,3.18,2025\065_National_Institute_of_Technology_Delhi\scores.jpg,
IR-E-U-0149,Sardar Vallabhbhai National Institute of Technology,2025,66,6.14,2025\066_Sardar_Vallabhbhai_National_Institute_of_Technology\scores.jpg,
IR-E-C-37013,PSG College of Technology,2025,67,2.71,2025\067_PSG_College_of_Technology\scores.jpg,
IR-E-U-0474,Sathyabama Institute of Science and Technology,2025,67,4.79,2025\067_Sathyabama_Institute_of_Science_and_Technology\scores.jpg,
IR-E-U-0221,International Institute of Information Technology Bangalore,2025,69,1.47,2025\069_International_Institute_of_Information_Technology_Bangalore\scores.jpg,
IR-E-C-6379,Netaji Subhas University of Technology (NSUT),2025,70,6.73,2025\070_Netaji_Subhas_University_of_Technology_(NSUT)\scores.jpg,
IR-E-U-0389,Banasthali Vidyapith,2025,71,7.33,2025\071_Banasthali_Vidyapith\scores.jpg,
IR-E-U-0946,Indian Institute of Technology Bhilai,2025,72,0.83,2025\072_Indian_Institute_of_Technology_Bhilai\scores.jpg,
IR-E-U-0197,National Institute of Technology Srinagar,2025,73,7.44,2025\073_National_Institute_of_Technology_Srinagar\scores.jpg,
IR-E-U-0042,University of Hyderabad,2025,74,5.51,2025\074_University_of_Hyderabad\scores.jpg,
IR-E-C-1331,M. S. Ramaiah Institute of Technology,2025,75,1.96,2025\075_M._S._Ramaiah_Institute_of_Technology\scores.jpg,
IR-E-U-0217,Christ University,2025,76,0.45,2025\076_Christ_University\scores.jpg,
IR-E-U-0899,Indian Institute of Technology Dharwad,2025,77,1.41,2025\077_Indian_Institute_of_Technology_Dharwad\scores.jpg,
IR-E-U-0535,Rajiv Gandhi Institute of Petroleum Technology,2025,78,2.81,2025\078_Rajiv_Gandhi_Institute_of_Petroleum_Technology\scores.jpg,
IR-E-U-0384,Sant Longowal Institute of Engineering & Technology,2025,79,2.62,2025\079_Sant_Longowal_Institute_of_Engineering_&_Technology\scores.jpg,
IR-E-U-0043,"Vignan's Foundation for Science, Technology and Research",2025,80,5.41,"2025\080_Vignan's_Foundation_for_Science,_Technology_and_Research\scores.jpg",
IR-E-U-0284,Maulana Azad National Institute of Technology,2025,81,5.68,2025\081_Maulana_Azad_National_Institute_of_Technology\scores.jpg,
IR-E-U-0207,"National Institute of Technology, Jamshedpur",2025,82,5.98,"2025\082_National_Institute_of_Technology,_Jamshedpur\scores.jpg",
IR-E-U-0619,National Institute of Technology Meghalaya,2025,83,3.23,2025\083_National_Institute_of_Technology_Meghalaya\scores.jpg,
IR-E-U-0223,"Jain university,Bangalore",2025,84,3.49,"2025\084_Jain_university,Bangalore\scores.jpg",
IR-E-U-0172,National Institute of Technology Kurukshetra,2025,85,4.45,2025\085_National_Institute_of_Technology_Kurukshetra\scores.jpg,
IR-E-U-0092,"National Institute of Technology, Raipur",2025,86,7.31,"2025\086_National_Institute_of_Technology,_Raipur\scores.jpg",
IR-E-U-0489,Vel Tech Rangarajan Dr. Sagunthala R & D Institute of Science and Technology,2025,87,1.41,2025\087_Vel_Tech_Rangarajan_Dr._Sagunthala_R_&_D_Institute_of_Science_and_Technology\scores.jpg,
IR-E-C-24004,AU College of Engineering (A),2025,88,9.08,2025\088_AU_College_of_Engineering_(A)\scores.jpg,
IR-E-U-0373,Chitkara  University,2025,89,3.49,2025\089_Chitkara_University\scores.jpg,
IR-E-U-1257,COEP Technological University,2025,90,2.52,2025\090_COEP_Technological_University\scores.jpg,
IR-E-C-19754,SR University,2025,91,0.70,2025\091_SR_University\scores.jpg,
IR-E-U-0297,Defence Institute of Advanced Technology,2025,92,1.58,2025\092_Defence_Institute_of_Advanced_Technology\scores.jpg,
IR-E-U-0078,Panjab University,2025,93,3.36,2025\093_Panjab_University\scores.jpg,
IR-E-U-0017,Jawaharlal Nehru Technological University,2025,94,1.85,2025\094_Jawaharlal_Nehru_Technological_University\scores.jpg,
IR-E-C-30045,"C.V. Raman Global University, Odisha",2025,95,2.22,"2025\095_C.V._Raman_Global_University,_Odisha\scores.jpg",
IR-E-U-0267,Atal Bihari Vajpayee Indian Institute of Information Technology and Management,2025,96,1.69,2025\096_Atal_Bihari_Vajpayee_Indian_Institute_of_Information_Technology_and_Management\scores.jpg,
IR-E-U-0189,National Institute of Technology Hamirpur,2025,97,4.33,2025\097_National_Institute_of_Technology_Hamirpur\scores.jpg,
IR-E-U-0147,Pandit Deendayal Energy University,2025,98,1.06,2025\098_Pandit_Deendayal_Energy_University\scores.jpg,
IR-E-U-0621,National Institute of Technology Puducherry,2025,99,3.09,2025\099_National_Institute_of_Technology_Puducherry\scores.jpg,
IR-E-C-36995,Sri Krishna College of Engineering and Technology,2025,100,0.89,2025\100_Sri_Krishna_College_of_Engineering_and_Technology\scores.jpg,
