year,rank,iid,name,city,state,total_score,TLR,RP,GO,OI,PR
2025,1,IR-E-U-0456,Indian Institute of Technology Madras,Chennai,Tamil Nadu,88.72,95.7,90.74,82.29,63.25,100.0
2025,2,IR-E-I-1074,Indian Institute of Technology Delhi,New Delhi,Delhi,85.74,85.89,93.47,81.67,62.01,93.97
2025,3,IR-E-U-0306,Indian Institute of Technology Bombay,Mumbai,Maharashtra,83.65,87.97,84.81,87.06,59.13,85.04
2025,4,IR-E-I-1075,Indian Institute of Technology Kanpur,Kanpur,Uttar Pradesh,81.82,91.77,76.34,88.08,59.18,78.49
2025,5,IR-E-U-0573,Indian Institute of Technology Kharagpur,Kharagpur,West Bengal,78.69,85.26,77.56,79.82,64.24,74.57
2025,6,IR-E-U-0560,Indian Institute of Technology Roorkee,Roorkee,Uttarakhand,75.44,76.06,76.57,85.82,63.92,60.98
2025,7,IR-E-U-0013,Indian Institute of Technology Hyderabad,Hyderabad,Telangana,72.31,88.02,61.39,79.2,54.39,61.98
2025,8,IR-E-U-0053,Indian Institute of Technology Guwahati,Guwahati,Assam,72.24,73.6,72.89,84.68,61.4,52.06
2025,9,IR-E-U-0467,National Institute of Technology Tiruchirappalli,Tiruchirappalli,Tamil Nadu,68.14,73.26,57.64,78.69,64.76,66.54
2025,10,IR-E-U-0701,Indian Institute of Technology (Banaras Hindu University) Varanasi,Varanasi,Uttar Pradesh,67.24,66.39,61.68,86.03,60.51,55.64
2025,11,IR-E-U-0391,Birla Institute of Technology  & Science -Pilani,Pilani,Rajasthan,67.02,82.07,56.41,81.04,60.41,32.29
2025,12,IR-E-U-0273,Indian Institute of Technology Indore,Indore,Madhya Pradesh,66.65,81.25,59.55,76.52,63.77,27.15
2025,13,IR-E-U-0357,National Institute of Technology Rourkela,Rourkela,Odisha,66.62,83.55,59.25,76.89,61.74,22.37
2025,14,IR-E-U-0473,S.R.M. Institute of Science and Technology,Chennai,Tamil Nadu,65.83,78.69,68.93,65.43,67.09,17.45
2025,15,IR-E-U-0205,Indian Institute of Technology (Indian School of Mines),Dhanbad,Jharkhand,65.37,72.84,62.49,77.02,61.36,32.29
2025,16,IR-E-U-0490,Vellore Institute of Technology,Vellore,Tamil Nadu,65.25,66.77,67.6,72.22,61.01,43.97
2025,17,IR-E-U-0237,"National Institute of Technology Karnataka, Surathkal",Surathkal,Karnataka,64.59,75.38,51.8,78.11,62.49,45.7
2025,18,IR-E-U-0575,Jadavpur University,Kolkata,West Bengal,64.54,79.56,59.41,71.46,48.6,37.0
2025,19,IR-E-U-0064,Indian Institute of Technology Patna,Patna,Bihar,64.52,79.24,55.04,78.4,63.95,21.73
2025,20,IR-E-U-0439,Anna University,Chennai,Tamil Nadu,63.51,69.43,62.8,63.28,51.12,60.73
2025,21,IR-E-U-0263,National Institute of Technology Calicut,Kozhikode,Kerala,63.05,83.65,40.0,79.12,66.66,34.71
2025,22,IR-E-U-0363,Siksha `O` Anusandhan,Bhubaneswar,Odisha,62.58,85.34,43.83,70.48,73.26,24.03
2025,23,IR-E-U-0436,Amrita Vishwa Vidyapeetham,Coimbatore,Tamil Nadu,62.46,80.74,51.78,67.71,64.19,27.53
2025,24,IR-E-U-0108,Jamia Millia Islamia,New Delhi,Delhi,62.42,67.5,59.18,78.28,67.19,20.43
2025,25,IR-E-U-0139,Indian Institute of Technology Gandhinagar,Gandhinagar,Gujarat,62.31,85.82,41.07,74.62,63.82,29.36
2025,26,IR-E-U-0184,Indian Institute of Technology Mandi,Mandi,Himachal Pradesh,62.08,81.9,42.61,78.29,68.77,21.95
2025,27,IR-E-U-0395,Indian Institute of Technology Jodhpur,Jodhpur,Rajasthan,61.31,86.92,44.03,70.43,66.41,12.93
2025,28,IR-E-U-0025,National Institute of Technology Warangal,Warangal,Telangana,61.05,74.94,49.23,73.64,57.32,33.44
2025,29,IR-E-I-1480,Thapar Institute of Engineering and Technology (Deemed-to-be-university),Patiala,Punjab,60.97,75.12,50.86,73.27,65.68,19.53
2025,30,IR-E-U-0098,Delhi Technological University,New Delhi,Delhi,60.85,73.01,46.71,79.17,54.82,36.25
2025,31,IR-E-U-0747,Chandigarh University,Mohali,Punjab,60.46,73.26,57.93,59.17,74.33,18.39
2025,32,IR-E-U-0378,Indian Institute of Technology Ropar,Rupnagar,Punjab,59.66,72.46,47.74,75.18,60.41,25.23
2025,33,IR-E-U-0458,Kalasalingam Academy of Research and Education,Krishnan Koil,Tamil Nadu,59.03,78.03,42.46,72.16,77.18,7.27
2025,34,IR-E-U-0496,Aligarh Muslim University,Aligarh,Uttar Pradesh,59.01,76.86,55.65,64.17,41.19,23.0
2025,35,IR-E-U-0020,Koneru Lakshmaiah Education Foundation University (K L College of Engineering),Vaddeswaram,Andhra Pradesh,58.95,77.55,48.67,69.94,66.84,4.12
2025,36,IR-E-U-0356,Kalinga Institute of Industrial Technology,Bhubaneswar,Odisha,58.79,78.64,47.76,60.32,77.29,10.76
2025,37,IR-E-U-0497,Amity University,Gautam Budh Nagar,Uttar Pradesh,58.53,66.68,65.39,62.04,59.02,6.04
2025,38,IR-E-U-0014,International Institute of Information Technology Hyderabad,Hyderabad,Telangana,58.45,75.84,43.22,70.72,63.32,22.58
2025,39,IR-E-U-0355,Indian Institute of Technology Bhubaneswar,Bhubaneswar,Odisha,58.22,74.57,39.14,75.07,62.69,28.27
2025,40,IR-E-U-0476,Shanmugha Arts Science Technology & Research Academy,Thanjavur,Tamil Nadu,58.02,80.47,35.94,73.7,72.8,10.76
2025,41,IR-E-U-0308,Institute of Chemical Technology,Mumbai,Maharashtra,57.96,76.35,50.35,64.94,53.35,16.24
2025,42,IR-E-U-0410,Malaviya National Institute of Technology,Jaipur,Rajasthan,57.45,69.29,51.84,70.23,60.14,10.48
2025,43,IR-E-U-0564,UPES,Dehradun,Uttarakhand,56.99,71.34,55.5,54.26,62.65,18.16
2025,44,IR-E-U-0334,"Visvesvaraya National Institute of Technology, Nagpur",Nagpur,Maharashtra,56.58,71.55,44.33,71.94,56.04,18.16
2025,45,IR-E-I-1441,Saveetha Institute of Medical and Technical Sciences,Chennai,Tamil Nadu,56.55,75.77,61.58,40.58,71.22,1.07
2025,46,IR-E-U-0329,Symbiosis International,Pune,Maharashtra,56.22,69.68,51.85,65.38,54.68,12.13
2025,47,IR-E-C-16604,Sri Sivasubramaniya Nadar College of Engineering,Kalavakkam,Tamil Nadu,56.08,71.29,43.96,70.01,57.78,17.21
2025,48,IR-E-U-0379,Lovely Professional University,Phagwara,Punjab,55.99,63.04,52.88,62.53,66.88,20.21
2025,49,IR-E-U-0577,National Institute of Technology Durgapur,Durgapur,West Bengal,55.94,71.25,38.14,77.92,58.39,16.97
2025,50,IR-E-U-0055,National Institute of Technology Silchar,Silchar,Assam,55.91,66.6,51.48,70.15,54.71,9.92
2025,51,IR-E-U-0202,Birla Institute of Technology,Ranchi,Jharkhand,55.28,76.22,40.21,66.03,52.07,19.31
2025,52,IR-E-U-0555,Graphic Era University,Dehradun,Uttarakhand,55.26,68.63,55.33,47.5,58.38,27.34
2025,53,IR-E-U-0072,National Institute of Technology Patna,Patna,Bihar,53.89,58.95,51.69,73.81,53.01,6.35
2025,54,IR-E-U-0584,"Indian Institute of Engineering Science and Technology, Shibpur",Howrah,West Bengal,53.63,66.32,37.75,70.93,52.44,29.71
2025,55,IR-E-U-0374,"Dr. B R Ambedkar National Institute of Technology, Jalandhar",Jalandhar,Punjab,53.38,71.26,40.49,61.88,62.76,11.86
2025,56,IR-E-U-0906,Indian Institute of Technology Jammu,Jammu,Jammu and Kashmir,53.08,80.73,31.9,60.05,57.78,15.0
2025,57,IR-E-U-0844,"Indian Institute of Technology, Tirupati",Tirupati,Andhra Pradesh,52.73,81.96,22.84,66.17,54.0,26.59
2025,58,IR-E-U-0749,Manipal University Jaipur,Jaipur,Rajasthan,52.69,71.67,40.11,58.63,69.16,5.09
2025,59,IR-E-C-7252,Manipal Institute of Technology,Manipal,Karnataka,52.55,68.27,41.71,60.77,58.59,15.5
2025,60,IR-E-U-0739,Madan Mohan Malaviya University of Technology,Gorakhpur,Uttar Pradesh,52.45,76.52,24.75,68.59,71.41,12.13
2025,61,IR-E-U-0255,Indian Institute of Space Science and Technology,Thiruvananthapuram,Kerala,52.44,75.88,25.19,66.94,60.04,27.34
2025,62,IR-E-U-0530,Motilal Nehru National Institute of Technology,Prayagraj,Uttar Pradesh,52.15,63.15,37.51,74.36,55.38,15.5
2025,63,IR-E-U-0105,Indraprastha Institute of Information Technology,New Delhi,Delhi,51.33,66.46,30.17,73.74,52.74,23.21
2025,64,IR-E-U-0878,Indian Institute of Technology Palakkad,Palakkad,Kerala,51.2,74.28,26.02,62.17,65.91,20.87
2025,65,IR-E-U-0622,National Institute of Technology Delhi,Delhi,Delhi,50.79,62.76,29.35,71.26,69.51,19.53
2025,66,IR-E-U-0149,Sardar Vallabhbhai National Institute of Technology,SURAT,Gujarat,50.77,62.42,42.99,62.65,54.21,11.86
2025,67,IR-E-U-0474,Sathyabama Institute of Science and Technology,Chennai,Tamil Nadu,50.64,70.44,36.38,51.69,71.85,10.76
2025,67,IR-E-C-37013,PSG College of Technology,Coimbatore,Tamil Nadu,50.64,70.17,26.31,60.36,47.52,48.83
2025,69,IR-E-U-0221,International Institute of Information Technology Bangalore,Bengaluru,Karnataka,50.46,68.33,24.19,71.27,59.94,24.63
2025,70,IR-E-C-6379,Netaji Subhas University of Technology (NSUT),Delhi,Delhi,50.43,68.09,27.14,73.77,51.97,19.08
2025,71,IR-E-U-0389,Banasthali Vidyapith,Banasthali,Rajasthan,50.38,70.41,24.74,71.47,71.39,4.12
2025,72,IR-E-U-0946,Indian Institute of Technology Bhilai,Durg,Chhattisgarh,50.37,76.99,24.97,65.13,59.02,8.47
2025,73,IR-E-U-0197,National Institute of Technology Srinagar,Srinagar,Jammu and Kashmir,50.23,62.39,35.08,69.97,64.33,5.73
2025,74,IR-E-U-0042,University of Hyderabad,Hyderabad,Telangana,49.36,66.49,50.21,43.44,48.99,7.57
2025,75,IR-E-C-1331,M. S. Ramaiah Institute of Technology,Bengaluru,Karnataka,49.26,70.38,28.02,62.77,56.51,15.5
2025,76,IR-E-U-0217,Christ University,Bengaluru,Karnataka,49.03,65.63,47.28,34.52,63.03,19.53
2025,77,IR-E-U-0899,Indian Institute of Technology Dharwad,Dharwad,Karnataka,48.61,74.99,17.71,63.79,57.85,22.58
2025,78,IR-E-U-0535,Rajiv Gandhi Institute of Petroleum Technology,Amethi,Uttar Pradesh,48.52,77.78,20.12,67.42,55.98,0.72
2025,79,IR-E-U-0384,Sant Longowal Institute of Engineering & Technology,Longowal,Punjab,48.42,78.11,26.83,51.16,66.44,0.72
2025,80,IR-E-U-0043,"Vignan's Foundation for Science, Technology and Research",Guntur,Andhra Pradesh,48.27,71.7,21.52,58.2,69.39,17.21
2025,81,IR-E-U-0284,Maulana Azad National Institute of Technology,Bhopal,Madhya Pradesh,48.26,54.74,36.36,73.26,52.93,9.92
2025,82,IR-E-U-0207,"National Institute of Technology, Jamshedpur",Jamshedpur,Jharkhand,48.25,59.72,28.9,75.79,58.58,6.35
2025,83,IR-E-U-0619,National Institute of Technology Meghalaya,Shillong,Meghalaya,48.21,66.48,30.77,62.31,58.46,7.27
2025,84,IR-E-U-0223,"Jain university,Bangalore",Bengaluru,Karnataka,48.01,68.49,40.87,42.99,62.18,3.79
2025,85,IR-E-U-0172,National Institute of Technology Kurukshetra,Kurukshetra,Haryana,47.98,53.75,37.48,66.64,55.43,17.45
2025,86,IR-E-U-0092,"National Institute of Technology, Raipur",Raipur,Chhattisgarh,47.59,54.86,39.87,66.26,54.45,4.77
2025,87,IR-E-U-0489,Vel Tech Rangarajan Dr. Sagunthala R & D Institute of Science and Technology,Chennai,Tamil Nadu,47.43,66.71,35.76,46.01,67.33,7.57
2025,88,IR-E-C-24004,AU College of Engineering (A),Visakhapatnam,Andhra Pradesh,47.37,76.16,13.15,61.81,78.27,3.79
2025,89,IR-E-U-0373,Chitkara  University,Rajpura,Punjab,47.34,50.97,49.46,51.93,62.79,5.41
2025,90,IR-E-U-1257,COEP Technological University,Pune,Maharashtra,47.31,61.16,24.82,67.69,50.9,28.82
2025,91,IR-E-C-19754,SR University,Warangal,Telangana,47.16,73.64,21.78,55.79,64.97,8.76
2025,92,IR-E-U-0297,Defence Institute of Advanced Technology,Pune,Maharashtra,46.98,68.7,36.01,52.12,47.02,4.45
2025,93,IR-E-U-0078,Panjab University,Chandigarh,Chandigarh,46.9,47.57,44.46,56.8,63.47,15.75
2025,94,IR-E-U-0017,Jawaharlal Nehru Technological University,Hyderabad,Telangana,46.74,75.17,22.4,49.61,67.59,7.87
2025,95,IR-E-C-30045,"C.V. Raman Global University, Odisha",Bhubaneswar,Odisha,46.62,77.56,10.31,59.54,71.59,11.86
2025,96,IR-E-U-0267,Atal Bihari Vajpayee Indian Institute of Information Technology and Management,Gwalior,Madhya Pradesh,46.25,60.53,19.76,77.19,58.72,8.47
2025,97,IR-E-U-0189,National Institute of Technology Hamirpur,Hamirpur,Himachal Pradesh,46.1,55.31,32.51,65.33,57.57,9.34
2025,98,IR-E-U-0147,Pandit Deendayal Energy University,Gandhinagar,Gujarat,45.97,61.15,38.82,58.4,38.87,4.12
2025,99,IR-E-U-0621,National Institute of Technology Puducherry,Karaikal,Pondicherry,45.83,60.59,25.67,61.86,63.73,12.13
2025,100,IR-E-C-36995,Sri Krishna College of Engineering and Technology,Coimbatore,Tamil Nadu,45.55,68.47,22.35,63.4,49.25,6.97
2024,1,IR-E-U-0456,Indian Institute of Technology Madras,Chennai,Tamil Nadu,89.46,95.79,93.1,81.07,65.85,100.0
2024,2,IR-E-I-1074,Indian Institute of Technology Delhi,New Delhi,Delhi,86.66,85.71,92.2,84.52,65.39,98.53
2024,3,IR-E-U-0306,Indian Institute of Technology Bombay,Mumbai,Maharashtra,83.09,86.34,84.18,84.78,58.67,91.13
2024,4,IR-E-I-1075,Indian Institute of Technology Kanpur,Kanpur,Uttar Pradesh,82.79,94.25,74.08,89.05,60.62,84.19
2024,5,IR-E-U-0573,Indian Institute of Technology Kharagpur,Kharagpur,West Bengal,76.88,78.22,79.28,79.16,57.83,80.26
2024,6,IR-E-U-0560,Indian Institute of Technology Roorkee,Roorkee,Uttarakhand,76.0,77.72,74.7,87.35,62.2,65.79
2024,7,IR-E-U-0053,Indian Institute of Technology Guwahati,Guwahati,Assam,71.86,76.81,68.07,84.48,59.56,55.38
2024,8,IR-E-U-0013,Indian Institute of Technology Hyderabad,Hyderabad,Telangana,71.55,88.73,57.5,77.88,55.7,65.31
2024,9,IR-E-U-0467,National Institute of Technology Tiruchirappalli,Tiruchirappalli,Tamil Nadu,66.88,69.69,57.02,78.69,63.12,68.07
2024,10,IR-E-U-0701,Indian Institute of Technology (Banaras Hindu University) Varanasi,Varanasi,Uttar Pradesh,66.69,66.26,60.16,84.78,57.89,60.05
2024,11,IR-E-U-0490,Vellore Institute of Technology,Vellore,Tamil Nadu,66.22,65.52,71.94,69.4,61.75,49.28
2024,12,IR-E-U-0575,Jadavpur University,Kolkata,West Bengal,65.62,78.24,59.47,76.55,48.89,41.13
2024,13,IR-E-U-0473,S.R.M. Institute of Science and Technology,Chennai,Tamil Nadu,65.41,78.11,68.7,64.6,66.85,17.57
2024,14,IR-E-U-0439,Anna University,Chennai,Tamil Nadu,65.34,65.94,71.32,63.43,48.67,65.97
2024,15,IR-E-U-0205,Indian Institute of Technology (Indian School of Mines) Dhanbad,Dhanbad,Jharkhand,64.83,73.39,60.91,75.94,59.84,33.72
2024,16,IR-E-U-0273,Indian Institute of Technology Indore,Indore,Madhya Pradesh,64.72,79.79,55.21,75.82,60.67,29.9
2024,17,IR-E-U-0237,"National Institute of Technology Karnataka, Surathkal",Surathkal,Karnataka,64.27,74.65,49.04,78.44,62.31,52.37
2024,18,IR-E-U-0139,Indian Institute of Technology Gandhinagar,Gandhinagar,Gujarat,63.42,88.39,42.21,70.33,65.56,36.08
2024,19,IR-E-U-0357,National Institute of Technology Rourkela,Rourkela,Odisha,63.38,76.49,57.0,73.24,59.41,27.38
2024,20,IR-E-U-0391,"Birla Institute of Technology and Science, Pilani",Pilani,Rajasthan,63.04,73.19,52.49,79.47,58.14,36.28
2024,21,IR-E-U-0025,National Institute of Technology Warangal,Warangal,Telangana,61.72,76.99,48.25,75.28,58.05,32.9
2024,22,IR-E-U-0378,Indian Institute of Technology Ropar,Rupnagar,Punjab,61.56,77.3,46.4,73.59,65.15,32.06
2024,23,IR-E-U-0436,Amrita Vishwa Vidyapeetham,Coimbatore,Tamil Nadu,61.29,78.05,49.58,65.28,62.49,37.03
2024,24,IR-E-U-0108,Jamia Millia Islamia,New Delhi,Delhi,61.28,66.48,58.75,75.46,66.84,19.33
2024,25,IR-E-U-0263,National Institute of Technology Calicut,Kozhikode,Kerala,61.19,77.36,37.59,79.48,67.93,40.1
2024,26,IR-E-U-0363,Siksha `O` Anusandhan,Bhubaneswar,Odisha,60.97,82.08,42.44,66.25,73.63,30.12
2024,27,IR-E-U-0098,Delhi Technological University,New Delhi,Delhi,60.78,73.1,43.87,76.17,55.57,49.0
2024,28,IR-E-U-0395,Indian Institute of Technology Jodhpur,Jodhpur,Rajasthan,60.61,87.05,40.25,72.26,66.24,13.5
2024,29,IR-E-I-1480,Thapar Institute of Engineering and Technology (Deemed-to-be-university),Patiala,Punjab,60.35,70.75,51.69,73.58,64.01,24.95
2024,30,IR-E-U-0497,Amity University,Gautam Budh Nagar,Uttar Pradesh,59.91,75.21,59.52,61.72,63.28,8.23
2024,31,IR-E-U-0184,Indian Institute of Technology Mandi,Mandi,Himachal Pradesh,59.86,74.9,41.8,79.03,70.51,19.9
2024,32,IR-E-U-0747,Chandigarh University,Mohali,Punjab,59.82,76.22,45.76,66.21,75.56,24.19
2024,33,IR-E-U-0496,Aligarh Muslim University,Aligarh,Uttar Pradesh,59.16,75.47,58.68,63.11,41.23,21.83
2024,34,IR-E-U-0064,Indian Institute of Technology Patna,Patna,Bihar,58.4,67.22,49.41,77.73,53.0,25.69
2024,35,IR-E-U-0020,Koneru Lakshmaiah Education Foundation University (K L College of Engineering),Vaddeswaram,Andhra Pradesh,58.24,74.84,47.52,65.41,66.32,18.17
2024,36,IR-E-U-0458,Kalasalingam Academy of Research and Education,Srivilliputhur,Tamil Nadu,58.2,78.67,38.81,71.56,76.14,10.42
2024,37,IR-E-U-0356,Kalinga Institute of Industrial Technology,Bhubaneswar,Odisha,58.0,78.06,42.99,62.03,76.29,16.36
2024,38,IR-E-U-0476,Shanmugha Arts Science Technology and Research Academy,Thanjavur,Tamil Nadu,57.97,78.42,39.3,72.1,67.21,15.11
2024,39,IR-E-U-0334,Visvesvaraya National Institute of Technology Nagpur,Nagpur,Maharashtra,57.89,74.71,43.37,73.89,55.62,21.28
2024,40,IR-E-U-0055,National Institute of Technology Silchar,Silchar,Assam,57.6,67.13,53.82,73.05,56.86,10.06
2024,41,IR-E-U-0308,Institute of Chemical Technology,Mumbai,Maharashtra,56.93,71.23,49.07,66.74,54.19,20.74
2024,42,IR-E-U-0564,UPES,Dehradun,Uttarakhand,56.65,73.11,52.19,51.1,62.7,25.69
2024,43,IR-E-U-0410,Malaviya National Institute of Technology,Jaipur,Rajasthan,56.35,69.24,48.66,69.43,59.76,11.12
2024,44,IR-E-U-0577,National Institute of Technology Durgapur,Durgapur,West Bengal,56.26,70.41,38.7,78.05,58.99,20.18
2024,45,IR-E-U-0622,National Institute of Technology Delhi,Delhi,Delhi,55.67,77.19,30.17,67.64,77.54,21.83
2024,46,IR-E-C-16604,Sri Sivasubramaniya Nadar College of Engineering,Kalavakkam,Tamil Nadu,55.01,69.93,41.32,69.34,57.1,20.46
2024,47,IR-E-U-0014,International Institute of Information Technology Hyderabad,Hyderabad,Telangana,54.29,65.47,40.89,66.9,63.14,26.9
2024,48,IR-E-U-0202,Birla Institute of Technology,Ranchi,Jharkhand,54.18,75.92,39.2,62.5,52.44,19.04
2024,49,IR-E-U-0584,"Indian Institute of Engineering Science and Technology, Shibpur",Howrah,West Bengal,54.17,64.01,39.61,72.26,54.45,31.85
2024,50,IR-E-U-0379,Lovely Professional University,Phagwara,Punjab,54.16,59.41,53.01,57.76,67.1,21.83
2024,51,IR-E-U-0255,Indian Institute of Space Science and Technology,Thiruvananthapuram,Kerala,53.13,77.82,23.52,66.88,61.08,32.27
2024,52,IR-E-U-0555,Graphic Era University,Dehradun,Uttarakhand,52.96,66.39,43.42,51.75,65.57,30.99
2024,53,IR-E-I-1441,Saveetha Institute of Medical and Technical Sciences,Chennai,Tamil Nadu,52.85,70.74,60.0,35.67,64.13,0.9
2024,54,IR-E-U-0355,Indian Institute of Technology Bhubaneswar,Bhubaneswar,Odisha,52.54,58.61,35.88,74.96,58.35,33.72
2024,55,IR-E-U-0072,National Institute of Technology Patna,Patna,Bihar,52.28,60.91,43.86,74.16,49.8,10.42
2024,56,IR-E-C-7252,Manipal Institute of Technology,Manipal,Karnataka,52.12,67.6,37.45,57.59,60.23,30.56
2024,57,IR-E-C-6379,Netaji Subhas University of Technology (NSUT),Delhi,Delhi,51.52,71.65,25.79,74.93,49.75,23.16
2024,58,IR-E-U-0374,Dr. B R Ambedkar National Institute of Technology Jalandhar,Jalandhar,Punjab,51.11,67.16,37.36,60.13,60.22,16.97
2024,59,IR-E-U-0149,Sardar Vallabhbhai National Institute of Technology,SURAT,Gujarat,51.04,63.02,39.62,67.0,54.88,13.5
2024,60,IR-E-U-0530,Motilal Nehru National Institute of Technology,Prayagraj,Uttar Pradesh,50.65,58.52,36.58,75.07,52.94,18.17
2024,61,IR-E-U-0844,Indian Institute of Technology Tirupati,YERPEDU,Andhra Pradesh,50.58,79.07,20.7,64.08,53.1,25.2
2024,62,IR-E-U-0906,Indian Institute of Technology Jammu,Jammu,Jammu and Kashmir,50.53,79.45,27.27,60.0,52.87,12.16
2024,63,IR-E-U-0297,Defence Institute of Advanced Technology,Pune,Maharashtra,50.37,74.1,35.43,56.91,56.59,4.73
2024,64,IR-E-U-0878,Indian Institute of Technology Palakkad,Palakkad,Kerala,50.24,74.88,21.37,62.91,65.44,22.36
2024,64,IR-E-U-0749,"Manipal University, Jaipur",Jaipur,Rajasthan,50.24,70.54,37.46,52.43,68.77,4.73
2024,66,IR-E-U-0474,Sathyabama Institute of Science and Technology,Chennai,Tamil Nadu,50.05,66.73,38.18,51.34,70.34,12.83
2024,67,IR-E-C-37013,PSG College of Technology,Coimbatore,Tamil Nadu,49.92,68.19,24.56,59.97,46.77,54.15
2024,68,IR-E-U-0619,National Institute of Technology Meghalaya,Shillong,Meghalaya,49.82,71.91,32.09,60.88,60.89,3.49
2024,69,IR-E-U-0249,Visvesvaraya Technological University,Belgaum,Karnataka,49.8,61.27,48.05,58.19,46.62,7.1
2024,70,IR-E-U-0042,University of Hyderabad,Hyderabad,Telangana,49.3,65.91,50.73,44.75,46.87,6.72
2024,71,IR-E-U-0092,National Institute of Technology Raipur,Raipur,Chhattisgarh,48.88,57.83,40.8,65.98,56.96,3.91
2024,72,IR-E-U-0284,Maulana Azad National Institute of Technology,Bhopal,Madhya Pradesh,48.86,57.75,34.21,70.28,60.62,11.47
2024,73,IR-E-U-0946,Indian Institute of Technology Bhilai,Raipur,Chhattisgarh,48.8,76.71,19.93,65.71,59.2,7.48
2024,74,IR-E-U-0221,International Institute of Information Technology Bangalore,Bengaluru,Karnataka,48.61,66.49,22.92,68.42,58.93,22.1
2024,75,IR-E-C-1331,M. S. Ramaiah Institute of Technology,Bengaluru,Karnataka,48.33,67.96,25.27,62.62,56.0,22.36
2024,76,IR-E-U-0384,Sant Longowal Institute of Engineering and Technology,Longowal,Punjab,48.22,78.75,25.46,49.36,65.02,5.93
2024,77,IR-E-C-41593,COEP Technological University,Pune,Maharashtra,47.89,64.95,21.48,67.24,51.61,33.51
2024,78,IR-E-U-0389,Banasthali Vidyapith,Banasthali,Rajasthan,47.86,64.78,21.0,73.66,72.16,1.78
2024,79,IR-E-U-0197,National Institute of Technology Srinagar,Srinagar,Jammu and Kashmir,47.76,62.6,30.19,67.16,58.61,6.33
2024,80,IR-E-U-0535,Rajiv Gandhi Institute of Petroleum Technology,Amethi,Uttar Pradesh,47.43,77.55,14.26,69.08,59.78,0.9
2024,81,IR-E-U-0172,National Institute of Technology Kurukshetra,Kurukshetra,Haryana,46.79,49.88,37.75,65.87,52.63,20.74
2024,82,IR-E-U-0493,National Institute of Technology Agartala,Agratala,Tripura,46.69,63.57,25.62,65.58,58.84,9.34
2024,83,IR-E-C-36995,Sri Krishna College of Engineering and Technology,Coimbatore,Tamil Nadu,46.53,66.04,23.5,63.87,47.69,21.28
2024,84,IR-E-U-0739,Madan Mohan Malaviya University of Technology,Gorakhpur,Uttar Pradesh,46.39,73.11,21.42,53.6,69.58,3.49
2024,85,IR-E-U-0105,Indraprastha Institute of Information Technology,New Delhi,Delhi,46.32,54.3,31.67,71.72,44.34,17.57
2024,86,IR-E-U-0489,Vel Tech Rangarajan Dr. Sagunthala R & D Institute of Science and Technology,Chennai,Tamil Nadu,46.23,61.79,36.98,44.86,69.15,7.1
2024,87,IR-E-U-0516,Indian Institute of Information Technology Allahabad,Prayagraj,Uttar Pradesh,45.84,46.98,24.94,80.61,54.41,27.14
2024,88,IR-E-U-0017,Jawaharlal Nehru Technological University,Hyderabad,Telangana,45.78,67.36,23.69,57.0,56.49,14.15
2024,89,IR-E-U-0099,Guru Gobind Singh Indraprastha University,New Delhi,Delhi,45.64,57.82,30.18,62.52,52.14,15.43
2024,90,IR-E-C-24004,AU College of Engineering (A),Visakhapatnam,Andhra Pradesh,45.6,70.81,12.34,65.9,68.52,6.33
2024,91,IR-E-U-0043,"Vignan's Foundation for Science, Technology and Research",Guntur,Andhra Pradesh,45.43,66.88,22.57,54.55,64.37,12.49
2024,92,IR-E-U-0190,Shoolini University of Biotechnology and Management Sciences,Solan,Himachal Pradesh,45.4,54.72,42.53,45.81,65.88,4.73
2024,93,IR-E-U-0217,Christ University,Bengaluru,Karnataka,45.02,60.99,38.9,34.41,61.52,20.18
2024,94,IR-E-U-0373,Chitkara University,Rajpura,Punjab,44.82,52.61,36.19,51.54,64.91,13.82
2024,95,IR-E-U-0223,"Jain University, Bangalore",Bengaluru,Karnataka,44.61,65.07,32.16,44.07,61.19,5.13
2024,96,IR-E-C-30045,"C.V. Raman Global University, Odisha",Bhubaneswar,Odisha,44.55,76.2,4.85,57.48,74.22,13.17
2024,97,IR-E-U-0621,National Institute of Technology Puducherry,Karaikal,Pondicherry,44.38,61.77,21.98,58.16,66.58,9.7
2024,98,IR-E-C-19754,SR University,Warangal,Telangana,44.29,71.12,16.67,53.31,63.59,9.34
2024,99,IR-E-C-1269,R.V. College of Engineering,Bengaluru,Karnataka,44.26,67.53,16.67,58.98,52.15,19.9
2024,100,IR-E-C-1297,Siddaganga Institute of Technology,Tumkur,Karnataka,43.95,66.69,15.31,61.78,59.8,10.06
2023,1,IR-E-U-0456,Indian Institute of Technology Madras,Chennai,Tamil Nadu,89.79,95.19,96.41,79.89,63.26,100.0
2023,2,IR-E-I-1074,Indian Institute of Technology Delhi,New Delhi,Delhi,87.09,84.89,94.74,85.0,67.92,94.07
2023,3,IR-E-U-0306,Indian Institute of Technology Bombay,Mumbai,Maharashtra,80.74,79.12,87.94,81.93,56.89,85.36
2023,4,IR-E-I-1075,Indian Institute of Technology Kanpur,Kanpur,Uttar Pradesh,80.65,84.35,80.16,88.99,58.82,76.15
2023,5,IR-E-U-0560,Indian Institute of Technology Roorkee,Roorkee,Uttarakhand,75.64,74.55,78.36,88.91,60.42,59.37
2023,6,IR-E-U-0573,Indian Institute of Technology Kharagpur,Kharagpur,West Bengal,73.76,67.27,78.3,84.68,56.04,75.51
2023,7,IR-E-U-0053,Indian Institute of Technology Guwahati,Guwahati,Assam,70.32,67.7,74.99,85.01,54.95,50.09
2023,8,IR-E-U-0013,Indian Institute of Technology Hyderabad,Hyderabad,Telangana,70.28,83.86,61.12,75.92,55.95,60.04
2023,9,IR-E-U-0467,National Institute of Technology Tiruchirappalli,Tiruchirappalli,Tamil Nadu,69.71,73.73,61.45,78.82,65.86,67.98
2023,10,IR-E-U-0575,Jadavpur University,Kolkata,West Bengal,67.04,76.89,65.9,76.68,52.81,35.84
2023,11,IR-E-U-0490,Vellore Institute of Technology,Vellore,Tamil Nadu,66.59,62.35,75.41,70.39,61.63,50.21
2023,12,IR-E-U-0237,"National Institute of Technology Karnataka, Surathkal",Surathkal,Karnataka,65.26,72.8,56.09,77.23,62.95,48.38
2023,13,IR-E-U-0439,Anna University,Chennai,Tamil Nadu,65.06,63.92,74.48,59.95,50.02,65.5
2023,14,IR-E-U-0273,Indian Institute of Technology Indore,Indore,Madhya Pradesh,63.93,75.9,60.88,72.39,59.53,24.73
2023,15,IR-E-U-0701,Indian Institute of Technology (Banaras Hindu University) Varanasi,Varanasi,Uttar Pradesh,63.74,61.12,60.02,82.22,56.16,53.31
2023,16,IR-E-U-0357,National Institute of Technology Rourkela,Rourkela,Odisha,62.79,73.96,61.71,71.54,59.05,18.85
2023,17,IR-E-U-0205,Indian Institute of Technology (Indian School of Mines),Dhanbad,Jharkhand,62.37,66.37,63.59,72.92,57.25,30.85
2023,18,IR-E-U-0139,Indian Institute of Technology Gandhinagar,Gandhinagar,Gujarat,61.66,82.8,42.85,68.86,66.14,35.84
2023,19,IR-E-U-0436,Amrita Vishwa Vidyapeetham,Coimbatore,Tamil Nadu,61.54,76.43,54.55,61.85,65.05,33.77
2023,20,IR-E-I-1480,Thapar Institute of Engineering and Technology (Deemed-to-be-university),Patiala,Punjab,61.24,70.96,61.47,70.6,63.07,10.79
2023,21,IR-E-U-0025,National Institute of Technology Warangal,Warangal,Telangana,61.13,72.58,50.86,74.41,57.19,34.99
2023,22,IR-E-U-0378,Indian Institute of Technology Ropar,Rupnagar,Punjab,60.51,77.27,44.53,71.06,64.93,32.7
2023,23,IR-E-U-0263,National Institute of Technology Calicut,Kozhikode,Kerala,60.28,74.03,40.82,78.62,67.96,33.06
2023,24,IR-E-U-0308,Institute of Chemical Technology,Mumbai,Maharashtra,59.7,72.94,56.31,69.0,53.66,17.57
2023,25,IR-E-U-0391,Birla Institute of Technology  & Science -Pilani,Pilani,Rajasthan,59.52,64.17,52.87,78.39,54.37,32.88
2023,26,IR-E-U-0108,"Jamia Millia Islamia,New Delhi",New Delhi,Delhi,59.3,61.9,59.59,73.2,63.85,18.34
2023,27,IR-E-U-0363,Siksha `O` Anusandhan,Bhubaneswar,Odisha,58.92,76.52,44.14,65.46,72.19,24.07
2023,28,IR-E-U-0473,S.R.M. Institute of Science and Technology,Chennai,Tamil Nadu,58.56,63.79,60.19,64.99,61.6,22.01
2023,29,IR-E-U-0098,Delhi Technological University,New Delhi,Delhi,58.34,70.44,41.13,74.27,57.03,43.22
2023,30,IR-E-U-0395,Indian Institute of Technology Jodhpur,Jodhpur,Rajasthan,58.03,80.97,38.23,73.08,64.85,11.7
2023,31,IR-E-U-0497,Amity University,Gautam Budh Nagar,Uttar Pradesh,57.3,66.29,61.47,58.28,59.42,13.75
2023,32,IR-E-U-0496,Aligarh Muslim University,Aligarh,Uttar Pradesh,57.26,70.07,59.84,59.12,40.2,24.51
2023,33,IR-E-U-0184,Indian Institute of Technology Mandi,Mandi,Himachal Pradesh,56.49,62.63,42.48,79.3,66.35,24.73
2023,34,IR-E-U-0476,Shanmugha Arts Science Technology & Research Academy,Thanjavur,Tamil Nadu,56.21,74.05,44.14,69.08,57.96,11.4
2023,35,IR-E-U-0584,"Indian Institute of Engineering Science and Technology, Shibpur",Howrah,West Bengal,56.12,63.46,45.68,71.47,58.91,31.97
2023,36,IR-E-U-0458,Kalasalingam Academy of Research and Education,Srivilliputtur,Tamil Nadu,55.69,74.13,36.24,68.5,75.33,13.46
2023,37,IR-E-U-0410,Malaviya National Institute of Technology,Jaipur,Rajasthan,55.6,65.7,51.26,66.89,59.56,11.7
2023,38,IR-E-U-0747,Chandigarh University,Mohali,Punjab,55.2,75.7,31.04,59.19,79.56,33.77
2023,39,IR-E-U-0356,Kalinga Institute of Industrial Technology,Bhubaneswar,Odisha,55.14,72.6,42.33,57.28,77.38,14.59
2023,40,IR-E-U-0055,National Institute of Technology Silchar,Silchar,Assam,55.07,60.85,54.59,69.77,53.35,11.4
2023,41,IR-E-U-0064,Indian Institute of Technology Patna,Patna,Bihar,55.03,56.93,51.4,72.25,56.15,24.73
2023,41,IR-E-U-0334,"Visvesvaraya National Institute of Technology, Nagpur",Nagpur,Maharashtra,55.03,65.12,47.03,72.77,53.4,14.88
2023,43,IR-E-U-0577,National Institute of Technology Durgapur,Durgapur,West Bengal,53.91,63.94,41.32,74.22,55.8,19.1
2023,44,IR-E-U-0020,Koneru Lakshmaiah Education Foundation University (K L College of Engineering),Vaddeswaram,Andhra Pradesh,53.69,70.94,46.14,57.91,56.43,13.46
2023,45,IR-E-C-16604,Sri Sivasubramaniya Nadar College of Engineering,Kalavakkam,Tamil Nadu,52.88,67.69,41.08,66.94,53.21,15.43
2023,46,IR-E-U-0374,"Dr. B R Ambedkar National Institute of Technology, Jalandhar",Jalandhar,Punjab,52.85,67.98,36.76,60.85,67.76,24.73
2023,47,IR-E-U-0355,Indian Institute of Technology Bhubaneswar,Bhubaneswar,Odisha,52.42,60.35,37.35,74.14,57.68,24.95
2023,48,IR-E-U-0255,Indian Institute of Space Science and Technology,Thiruvananthapuram,Kerala,52.04,73.07,24.43,63.41,61.72,39.39
2023,49,IR-E-U-0530,Motilal Nehru National Institute of Technology,Prayagraj,Uttar Pradesh,51.89,57.14,40.37,77.57,54.78,16.51
2023,50,IR-E-U-0379,Lovely Professional University,Phagwara,Punjab,51.47,59.64,49.52,49.19,63.51,25.39
2023,51,IR-E-U-0622,National Institute of Technology Delhi,Delhi,Delhi,51.41,68.47,29.84,63.59,72.41,19.6
2023,52,IR-E-U-0249,Visvesvaraya Technological University,Belgaum,Karnataka,51.38,65.94,49.97,52.64,51.94,8.91
2023,53,IR-E-U-0202,Birla Institute of Technology,Ranchi,Jharkhand,50.68,67.76,37.01,59.56,51.4,22.01
2023,54,IR-E-U-0564,UPES,Dehradun,Uttarakhand,50.63,67.45,39.45,46.08,62.74,30.66
2023,55,IR-E-U-0014,International Institute of Information Technology Hyderabad,Hyderabad,Telangana,50.33,56.57,40.6,65.0,58.36,23.4
2023,56,IR-E-U-0072,National Institute of Technology Patna,Patna,Bihar,50.16,61.49,39.77,70.28,52.28,4.87
2023,57,IR-E-U-0297,Defence Institute of Advanced Technology,Pune,Maharashtra,50.14,69.03,41.76,54.06,58.16,2.69
2023,58,IR-E-U-0172,National Institute of Technology Kurukshetra,Kurukshetra,Haryana,49.89,54.95,41.2,60.55,54.13,35.17
2023,59,IR-E-U-0844,"Indian Institute of Technology, Tirupati",Yerpedu,Andhra Pradesh,49.8,75.5,18.49,62.71,58.15,32.52
2023,60,IR-E-C-6379,Netaji Subhas University of Technology (NSUT),South West,Delhi,49.68,68.96,23.44,75.55,46.27,22.25
2023,61,IR-E-C-7252,Manipal Institute of Technology,Manipal,Karnataka,49.62,65.74,35.65,54.01,62.25,21.78
2023,62,IR-E-U-0555,Graphic Era University,Dehradun,Uttarakhand,49.59,64.1,32.12,53.76,68.53,31.23
2023,63,IR-E-C-37013,PSG College of Technology,Coimbatore,Tamil Nadu,49.43,64.51,29.98,54.9,47.21,53.86
2023,64,IR-E-I-1441,Saveetha Institute of Medical and Technical Sciences,Chennai,Tamil Nadu,49.3,71.38,46.01,34.86,69.33,1.94
2023,65,IR-E-U-0149,Sardar Vallabhbhai National Institute of Technology,Surat,Gujarat,49.0,57.79,40.93,66.01,51.56,10.17
2023,66,IR-E-U-0474,Sathyabama Institute of Science and Technology,Chennai,Tamil Nadu,48.87,61.03,44.04,47.51,66.76,11.7
2023,67,IR-E-U-0906,Indian Institute of Technology Jammu,Jammu,Jammu and Kashmir,48.15,74.62,21.51,57.32,56.55,22.01
2023,68,IR-E-U-0389,Banasthali Vidyapith,Banasthali,Rajasthan,47.93,64.41,21.26,72.53,73.04,4.16
2023,69,IR-E-U-0878,Indian Institute of Technology Palakkad,Palakkad,Kerala,47.86,71.97,17.51,61.18,65.98,21.78
2023,70,IR-E-U-0092,"National Institute of Technology, Raipur",Raipur,Chhattisgarh,47.69,55.59,40.36,64.35,55.81,4.51
2023,71,IR-E-U-0042,University of Hyderabad,Hyderabad,Telangana,47.51,59.36,45.92,54.33,43.21,7.27
2023,72,IR-E-U-0619,National Institute of Technology Meghalaya,Shillong,Meghalaya,47.27,67.55,31.37,57.65,55.41,5.22
2023,73,IR-E-C-41593,"College of Engineering, Pune",Pune,Maharashtra,46.89,65.5,22.62,66.89,51.62,19.1
2023,74,IR-E-U-0221,International Institute of Information Technology Bangalore,Bengaluru,Karnataka,46.58,67.24,20.86,63.07,58.61,16.78
2023,75,IR-E-U-0105,Indraprastha Institute of Information Technology Delhi,New Delhi,Delhi,46.57,51.99,36.68,69.89,47.33,12.59
2023,76,IR-E-U-0749,Manipal University Jaipur,Jaipur,Rajasthan,46.39,58.57,33.3,61.23,63.5,2.32
2023,77,IR-E-C-36995,Sri Krishna College of Engineering and Technology,Coimbatore,Tamil Nadu,46.03,63.67,24.55,64.1,49.95,17.57
2023,78,IR-E-C-1331,M. S. Ramaiah Institute of Technology,Bengaluru,Karnataka,45.99,65.79,22.31,61.93,55.66,15.97
2023,79,IR-E-U-0535,Rajiv Gandhi Institute of Petroleum Technology,Amethi,Uttar Pradesh,45.97,76.68,12.55,68.5,54.57,0.4
2023,80,IR-E-U-0284,Maulana Azad National Institute of Technology,Bhopal,Madhya Pradesh,45.9,54.03,32.76,65.79,60.68,6.26
2023,81,IR-E-U-0946,Indian Institute of Technology Bhilai,Raipur,Chhattisgarh,45.86,73.09,13.54,65.54,59.29,8.26
2023,82,IR-E-U-0197,National Institute of Technology Srinagar,Srinagar,Jammu and Kashmir,45.7,58.44,26.62,64.89,59.67,12.3
2023,83,IR-E-U-0017,Jawaharlal Nehru Technological University,Hyderabad,Telangana,44.75,65.91,27.62,49.71,55.17,12.3
2023,84,IR-E-U-0099,Guru Gobind Singh Indraprastha University,New Delhi,Delhi,44.31,55.33,33.69,56.26,46.54,17.04
2023,85,IR-E-U-0043,"Vignan's Foundation for Science, Technology and Research",Guntur,Andhra Pradesh,43.74,63.21,27.18,48.67,61.13,7.93
2023,86,IR-E-C-16626,Rajalakshmi Engineering College,Chennai,Tamil Nadu,43.46,65.55,14.62,62.3,63.29,6.26
2023,87,IR-E-U-0489,Vel Tech Rangarajan Dr. Sagunthala R & D Institute of Science and Technology,Chennai,Tamil Nadu,43.43,59.49,34.78,38.33,65.91,8.91
2023,88,IR-E-U-0267,Atal Bihari Vajpayee Indian Institute of Information Technology and Management,Gwalior,Madhya Pradesh,43.41,52.56,20.81,74.64,58.08,6.6
2023,89,IR-E-U-0516,Indian Institute of Information Technology Allahabad,Prayagraj (Allahabad),Uttar Pradesh,43.29,45.02,21.94,77.31,53.63,23.85
2023,90,IR-E-U-0620,National Institute of Technology Goa,Ponda,Goa,43.28,59.25,23.92,56.69,58.46,11.4
2023,91,IR-E-U-0493,National Institute of Technology Agartala,Agratala,Tripura,43.24,54.36,28.21,59.38,59.61,6.26
2023,92,IR-E-U-0373,Chitkara  University,Rajpura,Punjab,42.48,47.51,30.88,52.35,62.84,22.25
2023,93,IR-E-U-0899,Indian Institute Of Technology Dharwad,Dharwad,Karnataka,42.36,64.84,15.16,57.36,39.17,29.69
2023,94,IR-E-C-24004,AU College of Engineering (A),Visakhapatnam,Andhra Pradesh,42.32,59.16,12.98,72.07,56.81,5.92
2023,95,IR-E-U-0613,National Institute of Technology Manipur,Imphal,Manipur,42.28,63.06,20.62,53.37,61.24,3.79
2023,96,IR-E-C-1269,R.V. College of Engineering,Bengaluru,Karnataka,42.22,63.55,17.05,57.16,52.04,14.03
2023,97,IR-E-U-0286,"Pandit Dwarka Prasad Mishra Indian Institute of Information Technology, Design and Manufacturing (IIITDM)",Jabalpur,Madhya Pradesh,42.14,44.65,30.48,68.44,56.03,3.06
2023,98,IR-E-C-19754,SR University,Warangal,Telangana,42.09,65.32,15.79,51.98,62.66,10.79
2023,99,IR-E-U-0155,"Amity University Haryana, Gurgaon","Gurugram, Haryana",Haryana,41.99,64.15,21.73,45.29,63.74,7.93
2023,100,IR-E-C-30045,"C.V. Raman Global University, Odisha",Bhubaneswar,Odisha,41.93,69.79,5.7,58.27,69.95,6.26
